func,duration,bytes
bytes,0,30963600
global,5.12048e+10,0
gemm,2.60912e+09,0
gemm,2.61332e+09,0
gemm,2.60802e+09,0
gemm,2.61155e+09,0
gemm,2.6109e+09,0
