func,duration,bytes
bytes,0,32180400
global,5.12009e+10,0
gemm,2.60702e+09,0
gemm,2.6073e+09,0
gemm,2.60729e+09,0
gemm,2.61328e+09,0
gemm,2.60721e+09,0
