func,duration,bytes
bytes,0,32141400
global,5.12012e+10,0
gemm,2.61326e+09,0
gemm,2.6162e+09,0
gemm,2.61311e+09,0
gemm,2.61012e+09,0
gemm,2.60764e+09,0
