func,duration,bytes
bytes,0,33018000
global,5.12108e+10,0
gemm,2.61504e+09,0
gemm,2.6166e+09,0
gemm,2.61055e+09,0
gemm,2.61672e+09,0
gemm,2.61709e+09,0
