func,duration,bytes
bytes,0,31382400
global,5.1198e+10,0
gemm,2.60679e+09,0
gemm,2.60434e+09,0
gemm,2.60474e+09,0
gemm,2.60294e+09,0
gemm,2.60432e+09,0
