func,duration,bytes
bytes,0,33237600
global,5.12034e+10,0
gemm,2.61104e+09,0
gemm,2.61148e+09,0
gemm,2.60832e+09,0
gemm,2.61383e+09,0
gemm,2.60953e+09,0
