func,duration,bytes
bytes,0,31316400
global,5.12013e+10,0
gemm,2.60761e+09,0
gemm,2.61323e+09,0
gemm,2.60648e+09,0
gemm,2.61099e+09,0
gemm,2.60755e+09,0
