func,duration,bytes
bytes,0,31625400
global,5.12142e+10,0
gemm,2.62044e+09,0
gemm,2.61787e+09,0
gemm,2.61598e+09,0
gemm,2.61625e+09,0
gemm,2.62053e+09,0
