func,duration,bytes
bytes,0,31287600
global,5.12068e+10,0
gemm,2.61427e+09,0
gemm,2.61477e+09,0
gemm,2.61147e+09,0
gemm,2.61632e+09,0
gemm,2.61296e+09,0
