func,duration,bytes
bytes,0,30460800
global,5.12012e+10,0
gemm,2.60727e+09,0
gemm,2.60659e+09,0
gemm,2.60537e+09,0
gemm,2.6069e+09,0
gemm,2.6074e+09,0
