func,duration,bytes
bytes,0,31877400
global,5.12081e+10,0
gemm,2.61365e+09,0
gemm,2.61608e+09,0
gemm,2.6093e+09,0
gemm,2.61652e+09,0
gemm,2.61435e+09,0
