func,duration,bytes
bytes,0,32308200
global,5.12058e+10,0
gemm,2.61681e+09,0
gemm,2.616e+09,0
gemm,2.60875e+09,0
gemm,2.61189e+09,0
gemm,2.61215e+09,0
