func,duration,bytes
bytes,0,31648800
global,5.12014e+10,0
gemm,2.60753e+09,0
gemm,2.60654e+09,0
gemm,2.60509e+09,0
gemm,2.60719e+09,0
gemm,2.6077e+09,0
