func,duration,bytes
bytes,0,30338400
global,3.21402e+10,0
gemm,1.3382e+09,0
gemm,1.33779e+09,0
gemm,1.33594e+09,0
gemm,1.3403e+09,0
gemm,1.33741e+09,0
