func,duration,bytes
bytes,0,29727600
global,3.21413e+10,0
gemm,1.33878e+09,0
gemm,1.3393e+09,0
gemm,1.33741e+09,0
gemm,1.33998e+09,0
gemm,1.33837e+09,0
