func,duration,bytes
bytes,0,31549200
global,3.21395e+10,0
gemm,1.33713e+09,0
gemm,1.33719e+09,0
gemm,1.33497e+09,0
gemm,1.33844e+09,0
gemm,1.33652e+09,0
