func,duration,bytes
bytes,0,32919600
global,3.21349e+10,0
gemm,1.33434e+09,0
gemm,1.33413e+09,0
gemm,1.332e+09,0
gemm,1.33465e+09,0
gemm,1.33215e+09,0
