func,duration,bytes
bytes,0,32494800
global,3.21365e+10,0
gemm,1.3344e+09,0
gemm,1.33486e+09,0
gemm,1.33304e+09,0
gemm,1.33612e+09,0
gemm,1.33365e+09,0
