func,duration,bytes
bytes,0,30625200
global,3.2142e+10,0
gemm,1.33849e+09,0
gemm,1.3391e+09,0
gemm,1.33662e+09,0
gemm,1.34085e+09,0
gemm,1.33919e+09,0
