func,duration,bytes
bytes,0,28506000
global,3.2142e+10,0
gemm,1.33884e+09,0
gemm,1.33871e+09,0
gemm,1.33709e+09,0
gemm,1.34087e+09,0
gemm,1.33915e+09,0
