func,duration,bytes
bytes,0,33885600
global,3.2143e+10,0
gemm,1.3402e+09,0
gemm,1.33997e+09,0
gemm,1.33821e+09,0
gemm,1.34195e+09,0
gemm,1.34035e+09,0
