func,duration,bytes
bytes,0,31934400
global,3.2138e+10,0
gemm,1.33731e+09,0
gemm,1.3374e+09,0
gemm,1.33624e+09,0
gemm,1.34012e+09,0
gemm,1.33525e+09,0
