func,duration,bytes
bytes,0,32362800
global,3.21409e+10,0
gemm,1.33817e+09,0
gemm,1.33791e+09,0
gemm,1.33604e+09,0
gemm,1.3402e+09,0
gemm,1.33803e+09,0
