func,duration,bytes
bytes,0,31986000
global,3.21373e+10,0
gemm,1.33812e+09,0
gemm,1.33675e+09,0
gemm,1.33401e+09,0
gemm,1.3402e+09,0
gemm,1.33441e+09,0
