func,duration,bytes
bytes,0,31750800
global,3.21382e+10,0
gemm,1.33696e+09,0
gemm,1.33802e+09,0
gemm,1.33525e+09,0
gemm,1.33755e+09,0
gemm,1.33543e+09,0
