func,duration,bytes
bytes,0,30396000
global,3.21425e+10,0
gemm,1.34003e+09,0
gemm,1.33991e+09,0
gemm,1.33809e+09,0
gemm,1.34146e+09,0
gemm,1.33983e+09,0
