func,duration,bytes
bytes,0,30997200
global,3.21408e+10,0
gemm,1.33875e+09,0
gemm,1.3385e+09,0
gemm,1.3366e+09,0
gemm,1.34025e+09,0
gemm,1.33786e+09,0
