func,duration,bytes
bytes,0,32121600
global,3.21437e+10,0
gemm,1.34115e+09,0
gemm,1.341e+09,0
gemm,1.33853e+09,0
gemm,1.34263e+09,0
gemm,1.3411e+09,0
