func,duration,bytes
bytes,0,30608400
global,3.2142e+10,0
gemm,1.3392e+09,0
gemm,1.33912e+09,0
gemm,1.33659e+09,0
gemm,1.3404e+09,0
gemm,1.33875e+09,0
