func,duration,bytes
bytes,0,31694000
global,3.63063e+10,0
gemm,1.67649e+09,0
gemm,1.64699e+09,0
gemm,1.64689e+09,0
gemm,1.67653e+09,0
gemm,1.64197e+09,0
