func,duration,bytes
bytes,0,33818000
global,3.63152e+10,0
gemm,1.68207e+09,0
gemm,1.65197e+09,0
gemm,1.65319e+09,0
gemm,1.68439e+09,0
gemm,1.65076e+09,0
