func,duration,bytes
bytes,0,33168000
global,3.63178e+10,0
gemm,1.6923e+09,0
gemm,1.65668e+09,0
gemm,1.66021e+09,0
gemm,1.69242e+09,0
gemm,1.65341e+09,0
