func,duration,bytes
bytes,0,32086000
global,3.62955e+10,0
gemm,1.67225e+09,0
gemm,1.63896e+09,0
gemm,1.63874e+09,0
gemm,1.66615e+09,0
gemm,1.63109e+09,0
