func,duration,bytes
bytes,0,31924000
global,3.62942e+10,0
gemm,1.67117e+09,0
gemm,1.63862e+09,0
gemm,1.63773e+09,0
gemm,1.66605e+09,0
gemm,1.63001e+09,0
