func,duration,bytes
bytes,0,30101000
global,3.63074e+10,0
gemm,1.67704e+09,0
gemm,1.64904e+09,0
gemm,1.64865e+09,0
gemm,1.67792e+09,0
gemm,1.64304e+09,0
