func,duration,bytes
bytes,0,32089000
global,3.62994e+10,0
gemm,1.67387e+09,0
gemm,1.64336e+09,0
gemm,1.64175e+09,0
gemm,1.66956e+09,0
gemm,1.63502e+09,0
