func,duration,bytes
bytes,0,29870000
global,3.63168e+10,0
gemm,1.7012e+09,0
gemm,1.65731e+09,0
gemm,1.66228e+09,0
gemm,1.69478e+09,0
gemm,1.65255e+09,0
