func,duration,bytes
bytes,0,32840000
global,3.63097e+10,0
gemm,1.67204e+09,0
gemm,1.65056e+09,0
gemm,1.64851e+09,0
gemm,1.67968e+09,0
gemm,1.64526e+09,0
