func,duration,bytes
bytes,0,31484000
global,3.62966e+10,0
gemm,1.67297e+09,0
gemm,1.64043e+09,0
gemm,1.64062e+09,0
gemm,1.66765e+09,0
gemm,1.63221e+09,0
