func,duration,bytes
bytes,0,32879000
global,3.63085e+10,0
gemm,1.67626e+09,0
gemm,1.64947e+09,0
gemm,1.64857e+09,0
gemm,1.67862e+09,0
gemm,1.64415e+09,0
