func,duration,bytes
bytes,0,31440000
global,3.63163e+10,0
gemm,1.68628e+09,0
gemm,1.65358e+09,0
gemm,1.65433e+09,0
gemm,1.68674e+09,0
gemm,1.65208e+09,0
