func,duration,bytes
bytes,0,31811000
global,3.6307e+10,0
gemm,1.67716e+09,0
gemm,1.64867e+09,0
gemm,1.64808e+09,0
gemm,1.67722e+09,0
gemm,1.64265e+09,0
