func,duration,bytes
bytes,0,32799000
global,3.62974e+10,0
gemm,1.67207e+09,0
gemm,1.64147e+09,0
gemm,1.63987e+09,0
gemm,1.66789e+09,0
gemm,1.63308e+09,0
