func,duration,bytes
bytes,0,31806000
global,3.63178e+10,0
gemm,1.68356e+09,0
gemm,1.6536e+09,0
gemm,1.65494e+09,0
gemm,1.6864e+09,0
gemm,1.6534e+09,0
