func,duration,bytes
bytes,0,29908000
global,3.63114e+10,0
gemm,1.67388e+09,0
gemm,1.65132e+09,0
gemm,1.64979e+09,0
gemm,1.68082e+09,0
gemm,1.64693e+09,0
