func,duration,bytes
bytes,0,32224000
global,3.63011e+10,0
gemm,1.67449e+09,0
gemm,1.64541e+09,0
gemm,1.64387e+09,0
gemm,1.67126e+09,0
gemm,1.63665e+09,0
