func,duration,bytes
bytes,0,30329000
global,3.63084e+10,0
gemm,1.6771e+09,0
gemm,1.64916e+09,0
gemm,1.64832e+09,0
gemm,1.67834e+09,0
gemm,1.64404e+09,0
