func,duration,bytes
bytes,0,31788000
global,3.63153e+10,0
gemm,1.6857e+09,0
gemm,1.65332e+09,0
gemm,1.6538e+09,0
gemm,1.68643e+09,0
gemm,1.65083e+09,0
