func,duration,bytes
bytes,0,31328000
global,7.03008e+10,0
gemm,3.87559e+09,0
gemm,3.87787e+09,0
gemm,3.8751e+09,0
gemm,3.87549e+09,0
gemm,3.87878e+09,0
