func,duration,bytes
bytes,0,31755200
global,7.02992e+10,0
gemm,3.87602e+09,0
gemm,3.87669e+09,0
gemm,3.87597e+09,0
gemm,3.87394e+09,0
gemm,3.87729e+09,0
