func,duration,bytes
bytes,0,31223200
global,7.0318e+10,0
gemm,3.88488e+09,0
gemm,3.88543e+09,0
gemm,3.88278e+09,0
gemm,3.88454e+09,0
gemm,3.89605e+09,0
