func,duration,bytes
bytes,0,31982800
global,7.02993e+10,0
gemm,3.87711e+09,0
gemm,3.87875e+09,0
gemm,3.87613e+09,0
gemm,3.87275e+09,0
gemm,3.87748e+09,0
