func,duration,bytes
bytes,0,32115200
global,7.02996e+10,0
gemm,3.87665e+09,0
gemm,3.87743e+09,0
gemm,3.87621e+09,0
gemm,3.87512e+09,0
gemm,3.87767e+09,0
