func,duration,bytes
bytes,0,31318400
global,7.03177e+10,0
gemm,3.88756e+09,0
gemm,3.88752e+09,0
gemm,3.88486e+09,0
gemm,3.88725e+09,0
gemm,3.89579e+09,0
