func,duration,bytes
bytes,0,32329600
global,7.02995e+10,0
gemm,3.87327e+09,0
gemm,3.87534e+09,0
gemm,3.8735e+09,0
gemm,3.87329e+09,0
gemm,3.87752e+09,0
