func,duration,bytes
bytes,0,31767400
global,1.26933e+11,0
gemm,7.58532e+09,0
gemm,7.57536e+09,0
gemm,7.59263e+09,0
gemm,7.57839e+09,0
gemm,7.59005e+09,0
