func,duration,bytes
bytes,0,31615000
global,1.26946e+11,0
gemm,7.6027e+09,0
gemm,7.59854e+09,0
gemm,7.60382e+09,0
gemm,7.59186e+09,0
gemm,7.60306e+09,0
