func,duration,bytes
bytes,0,32060200
global,1.26947e+11,0
gemm,7.59583e+09,0
gemm,7.59069e+09,0
gemm,7.60309e+09,0
gemm,7.58764e+09,0
gemm,7.60432e+09,0
