func,duration,bytes
bytes,0,31882200
global,1.26961e+11,0
gemm,7.61487e+09,0
gemm,7.60477e+09,0
gemm,7.61418e+09,0
gemm,7.60995e+09,0
gemm,7.61857e+09,0
