func,duration,bytes
bytes,0,31962400
global,4.25407e+10,0
gemm,1.99718e+09,0
gemm,1.98921e+09,0
gemm,1.99802e+09,0
gemm,2.00194e+09,0
gemm,1.99679e+09,0
