func,duration,bytes
bytes,0,31094400
global,4.25349e+10,0
gemm,1.99819e+09,0
gemm,1.9971e+09,0
gemm,2.00514e+09,0
gemm,2.00378e+09,0
gemm,1.99092e+09,0
