func,duration,bytes
bytes,0,31306400
global,4.25421e+10,0
gemm,1.99925e+09,0
gemm,1.9936e+09,0
gemm,2.00183e+09,0
gemm,2.00364e+09,0
gemm,1.99818e+09,0
