func,duration,bytes
bytes,0,33174400
global,4.25322e+10,0
gemm,1.98843e+09,0
gemm,1.98669e+09,0
gemm,1.99372e+09,0
gemm,1.99385e+09,0
gemm,1.98827e+09,0
