func,duration,bytes
bytes,0,31417600
global,4.25371e+10,0
gemm,1.99313e+09,0
gemm,1.99056e+09,0
gemm,1.99714e+09,0
gemm,1.9957e+09,0
gemm,1.99309e+09,0
