func,duration,bytes
bytes,0,32503200
global,4.25398e+10,0
gemm,1.99636e+09,0
gemm,1.9914e+09,0
gemm,1.99872e+09,0
gemm,2.00153e+09,0
gemm,1.99585e+09,0
