func,duration,bytes
bytes,0,32772000
global,4.25362e+10,0
gemm,1.99338e+09,0
gemm,1.98912e+09,0
gemm,1.99555e+09,0
gemm,1.99672e+09,0
gemm,1.99219e+09,0
