func,duration,bytes
bytes,0,33740800
global,4.25358e+10,0
gemm,1.99483e+09,0
gemm,1.9932e+09,0
gemm,2.00244e+09,0
gemm,2.00097e+09,0
gemm,1.99175e+09,0
