func,duration,bytes
bytes,0,30300800
global,4.25353e+10,0
gemm,1.99664e+09,0
gemm,1.99439e+09,0
gemm,2.00368e+09,0
gemm,2.00205e+09,0
gemm,1.99142e+09,0
