func,duration,bytes
bytes,0,31336800
global,4.25397e+10,0
gemm,1.9942e+09,0
gemm,1.99094e+09,0
gemm,1.99881e+09,0
gemm,1.99997e+09,0
gemm,1.99572e+09,0
