func,duration,bytes
bytes,0,29396800
global,4.25358e+10,0
gemm,1.99665e+09,0
gemm,1.99447e+09,0
gemm,2.00428e+09,0
gemm,2.00278e+09,0
gemm,1.99185e+09,0
