func,duration,bytes
bytes,0,31994400
global,4.25355e+10,0
gemm,1.99349e+09,0
gemm,1.98633e+09,0
gemm,1.99524e+09,0
gemm,1.99672e+09,0
gemm,1.99156e+09,0
