func,duration,bytes
bytes,0,31436000
global,4.25421e+10,0
gemm,1.99739e+09,0
gemm,1.99166e+09,0
gemm,1.99886e+09,0
gemm,2.00248e+09,0
gemm,1.99806e+09,0
