func,duration,bytes
bytes,0,31155200
global,4.25386e+10,0
gemm,1.99388e+09,0
gemm,1.99121e+09,0
gemm,1.998e+09,0
gemm,1.99775e+09,0
gemm,1.9946e+09,0
