func,duration,bytes
bytes,0,31646400
global,4.25375e+10,0
gemm,1.99959e+09,0
gemm,1.99772e+09,0
gemm,2.00708e+09,0
gemm,2.00576e+09,0
gemm,1.99349e+09,0
