func,duration,bytes
bytes,0,33424200
global,2.56348e+10,0
gemm,9.10113e+08,0
gemm,9.10981e+08,0
gemm,9.09006e+08,0
gemm,9.11086e+08,0
gemm,9.11373e+08,0
