func,duration,bytes
bytes,0,33805800
global,2.56319e+10,0
gemm,9.06358e+08,0
gemm,9.09555e+08,0
gemm,9.07575e+08,0
gemm,9.08312e+08,0
gemm,9.08125e+08,0
