func,duration,bytes
bytes,0,34493400
global,2.56327e+10,0
gemm,9.09407e+08,0
gemm,9.10324e+08,0
gemm,9.08572e+08,0
gemm,9.1045e+08,0
gemm,9.09519e+08,0
