func,duration,bytes
bytes,0,33006600
global,2.56315e+10,0
gemm,9.071e+08,0
gemm,9.07567e+08,0
gemm,9.06186e+08,0
gemm,9.07287e+08,0
gemm,9.07776e+08,0
