func,duration,bytes
bytes,0,31653000
global,2.56335e+10,0
gemm,9.08788e+08,0
gemm,9.08967e+08,0
gemm,9.07771e+08,0
gemm,9.09316e+08,0
gemm,9.09768e+08,0
