func,duration,bytes
bytes,0,35652600
global,2.56358e+10,0
gemm,9.1076e+08,0
gemm,9.13268e+08,0
gemm,9.10318e+08,0
gemm,9.1152e+08,0
gemm,9.12615e+08,0
