func,duration,bytes
bytes,0,30025800
global,2.56351e+10,0
gemm,9.10642e+08,0
gemm,9.11259e+08,0
gemm,9.09823e+08,0
gemm,9.11024e+08,0
gemm,9.11808e+08,0
