func,duration,bytes
bytes,0,31890600
global,2.5633e+10,0
gemm,9.08242e+08,0
gemm,9.07735e+08,0
gemm,9.08027e+08,0
gemm,9.09483e+08,0
gemm,9.09816e+08,0
