func,duration,bytes
bytes,0,32970600
global,2.56344e+10,0
gemm,9.09506e+08,0
gemm,9.10489e+08,0
gemm,9.08559e+08,0
gemm,9.10739e+08,0
gemm,9.11101e+08,0
