func,duration,bytes
bytes,0,31759200
global,2.56358e+10,0
gemm,9.10003e+08,0
gemm,9.09828e+08,0
gemm,9.09455e+08,0
gemm,9.10383e+08,0
gemm,9.12326e+08,0
