func,duration,bytes
bytes,0,31505400
global,2.5633e+10,0
gemm,9.07645e+08,0
gemm,9.08233e+08,0
gemm,9.0727e+08,0
gemm,9.08652e+08,0
gemm,9.09102e+08,0
