func,duration,bytes
bytes,0,33625800
global,2.56325e+10,0
gemm,9.0618e+08,0
gemm,9.06636e+08,0
gemm,9.05903e+08,0
gemm,9.07426e+08,0
gemm,9.08548e+08,0
