func,duration,bytes
bytes,0,33260400
global,2.56319e+10,0
gemm,9.07606e+08,0
gemm,9.08646e+08,0
gemm,9.07696e+08,0
gemm,9.07581e+08,0
gemm,9.08417e+08,0
