func,duration,bytes
bytes,0,32020200
global,2.56358e+10,0
gemm,9.07968e+08,0
gemm,9.08085e+08,0
gemm,9.08393e+08,0
gemm,9.10843e+08,0
gemm,9.11998e+08,0
