func,duration,bytes
bytes,0,29446200
global,2.56328e+10,0
gemm,9.08043e+08,0
gemm,9.09023e+08,0
gemm,9.08941e+08,0
gemm,9.08612e+08,0
gemm,9.0916e+08,0
