func,duration,bytes
bytes,0,33422400
global,2.56342e+10,0
gemm,9.09409e+08,0
gemm,9.09938e+08,0
gemm,9.09061e+08,0
gemm,9.10163e+08,0
gemm,9.10601e+08,0
