func,duration,bytes
bytes,0,31527000
global,2.56328e+10,0
gemm,9.07407e+08,0
gemm,9.09989e+08,0
gemm,9.07936e+08,0
gemm,9.09015e+08,0
gemm,9.09058e+08,0
