func,duration,bytes
bytes,0,31647600
global,2.56347e+10,0
gemm,9.10073e+08,0
gemm,9.09853e+08,0
gemm,9.0915e+08,0
gemm,9.10844e+08,0
gemm,9.10771e+08,0
