func,duration,bytes
bytes,0,29968200
global,2.56348e+10,0
gemm,9.10205e+08,0
gemm,9.10842e+08,0
gemm,9.09112e+08,0
gemm,9.11065e+08,0
gemm,9.11367e+08,0
