func,duration,bytes
bytes,0,32185800
global,2.56342e+10,0
gemm,9.09294e+08,0
gemm,9.09532e+08,0
gemm,9.09049e+08,0
gemm,9.09262e+08,0
gemm,9.1046e+08,0
