func,duration,bytes
bytes,0,30490200
global,2.56331e+10,0
gemm,9.07625e+08,0
gemm,9.08072e+08,0
gemm,9.06681e+08,0
gemm,9.08157e+08,0
gemm,9.09022e+08,0
