func,duration,bytes
bytes,0,30141000
global,2.56361e+10,0
gemm,9.10124e+08,0
gemm,9.09919e+08,0
gemm,9.09469e+08,0
gemm,9.10966e+08,0
gemm,9.12623e+08,0
