func,duration,bytes
bytes,0,31930200
global,2.56342e+10,0
gemm,9.09758e+08,0
gemm,9.10483e+08,0
gemm,9.08947e+08,0
gemm,9.1e+08,0
gemm,9.10882e+08,0
