func,duration,bytes
bytes,0,33035400
global,2.5632e+10,0
gemm,9.08114e+08,0
gemm,9.08206e+08,0
gemm,9.08844e+08,0
gemm,9.08031e+08,0
gemm,9.08556e+08,0
