func,duration,bytes
bytes,0,30947400
global,2.56343e+10,0
gemm,9.10804e+08,0
gemm,9.1304e+08,0
gemm,9.10142e+08,0
gemm,9.11131e+08,0
gemm,9.105e+08,0
