func,duration,bytes
bytes,0,31383000
global,2.56354e+10,0
gemm,9.10899e+08,0
gemm,9.13604e+08,0
gemm,9.10284e+08,0
gemm,9.115e+08,0
gemm,9.12239e+08,0
