func,duration,bytes
bytes,0,32355000
global,2.56356e+10,0
gemm,9.10367e+08,0
gemm,9.10758e+08,0
gemm,9.09693e+08,0
gemm,9.10509e+08,0
gemm,9.12336e+08,0
