func,duration,bytes
bytes,0,33364800
global,2.56349e+10,0
gemm,9.09838e+08,0
gemm,9.10471e+08,0
gemm,9.0925e+08,0
gemm,9.10807e+08,0
gemm,9.11527e+08,0
