func,duration,bytes
bytes,0,27876600
global,2.56321e+10,0
gemm,9.0709e+08,0
gemm,9.09067e+08,0
gemm,9.07344e+08,0
gemm,9.08729e+08,0
gemm,9.08191e+08,0
