func,duration,bytes
bytes,0,32113800
global,2.56353e+10,0
gemm,9.06881e+08,0
gemm,9.08017e+08,0
gemm,9.07617e+08,0
gemm,9.09686e+08,0
gemm,9.11423e+08,0
