func,duration,bytes
bytes,0,29707200
global,2.56348e+10,0
gemm,9.09851e+08,0
gemm,9.10426e+08,0
gemm,9.09254e+08,0
gemm,9.10816e+08,0
gemm,9.11503e+08,0
