func,duration,bytes
bytes,0,33805800
global,2.56344e+10,0
gemm,9.09264e+08,0
gemm,9.09576e+08,0
gemm,9.08874e+08,0
gemm,9.09558e+08,0
gemm,9.10614e+08,0
