func,duration,bytes
bytes,0,29010600
global,2.56327e+10,0
gemm,9.07641e+08,0
gemm,9.08541e+08,0
gemm,9.08091e+08,0
gemm,9.086e+08,0
gemm,9.09079e+08,0
