func,duration,bytes
bytes,0,31386600
global,2.56302e+10,0
gemm,9.05456e+08,0
gemm,9.06327e+08,0
gemm,9.05656e+08,0
gemm,9.0706e+08,0
gemm,9.0645e+08,0
