func,duration,bytes
bytes,0,30648600
global,2.56363e+10,0
gemm,9.10038e+08,0
gemm,9.09893e+08,0
gemm,9.09437e+08,0
gemm,9.1101e+08,0
gemm,9.12863e+08,0
