func,duration,bytes
bytes,0,30738600
global,2.56317e+10,0
gemm,9.06613e+08,0
gemm,9.07967e+08,0
gemm,9.07279e+08,0
gemm,9.08504e+08,0
gemm,9.08516e+08,0
