func,duration,bytes
bytes,0,30310200
global,2.56361e+10,0
gemm,9.11037e+08,0
gemm,9.13623e+08,0
gemm,9.10546e+08,0
gemm,9.11577e+08,0
gemm,9.12263e+08,0
