func,duration,bytes
bytes,0,31806000
global,2.56361e+10,0
gemm,9.10048e+08,0
gemm,9.09835e+08,0
gemm,9.0948e+08,0
gemm,9.10629e+08,0
gemm,9.12336e+08,0
