func,duration,bytes
bytes,0,31003200
global,2.56319e+10,0
gemm,9.08411e+08,0
gemm,9.09223e+08,0
gemm,9.0799e+08,0
gemm,9.09166e+08,0
gemm,9.08276e+08,0
