func,duration,bytes
bytes,0,33030200
global,2.93254e+10,0
gemm,1.15543e+09,0
gemm,1.1563e+09,0
gemm,1.15492e+09,0
gemm,1.15455e+09,0
gemm,1.15372e+09,0
