func,duration,bytes
bytes,0,32838400
global,2.93268e+10,0
gemm,1.15504e+09,0
gemm,1.1561e+09,0
gemm,1.15489e+09,0
gemm,1.15424e+09,0
gemm,1.15476e+09,0
