func,duration,bytes
bytes,0,30359000
global,2.93256e+10,0
gemm,1.15471e+09,0
gemm,1.1555e+09,0
gemm,1.15392e+09,0
gemm,1.15512e+09,0
gemm,1.15354e+09,0
