func,duration,bytes
bytes,0,31546200
global,2.93246e+10,0
gemm,1.15431e+09,0
gemm,1.15519e+09,0
gemm,1.15324e+09,0
gemm,1.15314e+09,0
gemm,1.15224e+09,0
