func,duration,bytes
bytes,0,31816400
global,2.93285e+10,0
gemm,1.15684e+09,0
gemm,1.15794e+09,0
gemm,1.15636e+09,0
gemm,1.15593e+09,0
gemm,1.15621e+09,0
