func,duration,bytes
bytes,0,32503800
global,2.93296e+10,0
gemm,1.15784e+09,0
gemm,1.15839e+09,0
gemm,1.1565e+09,0
gemm,1.15648e+09,0
gemm,1.15722e+09,0
