func,duration,bytes
bytes,0,30837800
global,2.93284e+10,0
gemm,1.15691e+09,0
gemm,1.15839e+09,0
gemm,1.1557e+09,0
gemm,1.15589e+09,0
gemm,1.15629e+09,0
