func,duration,bytes
bytes,0,31353000
global,2.93289e+10,0
gemm,1.1576e+09,0
gemm,1.15945e+09,0
gemm,1.15646e+09,0
gemm,1.15674e+09,0
gemm,1.15716e+09,0
