func,duration,bytes
bytes,0,32954600
global,2.93272e+10,0
gemm,1.15622e+09,0
gemm,1.15783e+09,0
gemm,1.15439e+09,0
gemm,1.15458e+09,0
gemm,1.15526e+09,0
