func,duration,bytes
bytes,0,31991400
global,2.93274e+10,0
gemm,1.15695e+09,0
gemm,1.15782e+09,0
gemm,1.15588e+09,0
gemm,1.1568e+09,0
gemm,1.15528e+09,0
