func,duration,bytes
bytes,0,30944200
global,2.93289e+10,0
gemm,1.15671e+09,0
gemm,1.15726e+09,0
gemm,1.15596e+09,0
gemm,1.15551e+09,0
gemm,1.1568e+09,0
