func,duration,bytes
bytes,0,31081400
global,2.9328e+10,0
gemm,1.15734e+09,0
gemm,1.15875e+09,0
gemm,1.15639e+09,0
gemm,1.15634e+09,0
gemm,1.1559e+09,0
