func,duration,bytes
bytes,0,32375000
global,2.93294e+10,0
gemm,1.1584e+09,0
gemm,1.1593e+09,0
gemm,1.15679e+09,0
gemm,1.15728e+09,0
gemm,1.15738e+09,0
