func,duration,bytes
bytes,0,31369800
global,2.93297e+10,0
gemm,1.15788e+09,0
gemm,1.15957e+09,0
gemm,1.15696e+09,0
gemm,1.15736e+09,0
gemm,1.1576e+09,0
