func,duration,bytes
bytes,0,30587200
global,2.93294e+10,0
gemm,1.15749e+09,0
gemm,1.1582e+09,0
gemm,1.15665e+09,0
gemm,1.15651e+09,0
gemm,1.15722e+09,0
