func,duration,bytes
bytes,0,30891000
global,2.93259e+10,0
gemm,1.15579e+09,0
gemm,1.15657e+09,0
gemm,1.15454e+09,0
gemm,1.15425e+09,0
gemm,1.15379e+09,0
