func,duration,bytes
bytes,0,32520600
global,2.93278e+10,0
gemm,1.15655e+09,0
gemm,1.15838e+09,0
gemm,1.15543e+09,0
gemm,1.15582e+09,0
gemm,1.15607e+09,0
