func,duration,bytes
bytes,0,31144400
global,2.93287e+10,0
gemm,1.15787e+09,0
gemm,1.15942e+09,0
gemm,1.15721e+09,0
gemm,1.15715e+09,0
gemm,1.15663e+09,0
