func,duration,bytes
bytes,0,34912000
global,2.72619e+10,0
gemm,1.01963e+09,0
gemm,1.01861e+09,0
gemm,1.01912e+09,0
gemm,1.01869e+09,0
gemm,1.02277e+09,0
