func,duration,bytes
bytes,0,30676800
global,2.72641e+10,0
gemm,1.01994e+09,0
gemm,1.01976e+09,0
gemm,1.01986e+09,0
gemm,1.01959e+09,0
gemm,1.02504e+09,0
