func,duration,bytes
bytes,0,34128000
global,2.72644e+10,0
gemm,1.01891e+09,0
gemm,1.01991e+09,0
gemm,1.02092e+09,0
gemm,1.01904e+09,0
gemm,1.02485e+09,0
