func,duration,bytes
bytes,0,31324800
global,2.72641e+10,0
gemm,1.0193e+09,0
gemm,1.02055e+09,0
gemm,1.0198e+09,0
gemm,1.01988e+09,0
gemm,1.02493e+09,0
