func,duration,bytes
bytes,0,31388800
global,2.72655e+10,0
gemm,1.01946e+09,0
gemm,1.02038e+09,0
gemm,1.02235e+09,0
gemm,1.02e+09,0
gemm,1.02647e+09,0
