func,duration,bytes
bytes,0,31652800
global,2.72628e+10,0
gemm,1.01862e+09,0
gemm,1.01928e+09,0
gemm,1.01904e+09,0
gemm,1.01849e+09,0
gemm,1.02321e+09,0
