func,duration,bytes
bytes,0,31859200
global,2.72654e+10,0
gemm,1.02003e+09,0
gemm,1.02025e+09,0
gemm,1.01939e+09,0
gemm,1.02042e+09,0
gemm,1.026e+09,0
