func,duration,bytes
bytes,0,31873600
global,2.72635e+10,0
gemm,1.01993e+09,0
gemm,1.02066e+09,0
gemm,1.02044e+09,0
gemm,1.02e+09,0
gemm,1.02442e+09,0
