func,duration,bytes
bytes,0,31752000
global,2.72642e+10,0
gemm,1.0182e+09,0
gemm,1.01939e+09,0
gemm,1.01775e+09,0
gemm,1.01903e+09,0
gemm,1.02497e+09,0
