func,duration,bytes
bytes,0,33296000
global,2.72626e+10,0
gemm,1.01807e+09,0
gemm,1.0182e+09,0
gemm,1.01789e+09,0
gemm,1.01819e+09,0
gemm,1.02346e+09,0
