func,duration,bytes
bytes,0,32457600
global,2.72657e+10,0
gemm,1.02023e+09,0
gemm,1.02039e+09,0
gemm,1.0197e+09,0
gemm,1.02052e+09,0
gemm,1.02634e+09,0
