func,duration,bytes
bytes,0,31939200
global,2.72634e+10,0
gemm,1.01989e+09,0
gemm,1.02066e+09,0
gemm,1.02048e+09,0
gemm,1.02008e+09,0
gemm,1.02454e+09,0
