func,duration,bytes
bytes,0,32894400
global,2.72635e+10,0
gemm,1.01961e+09,0
gemm,1.02016e+09,0
gemm,1.02014e+09,0
gemm,1.01962e+09,0
gemm,1.0242e+09,0
