func,duration,bytes
bytes,0,31033600
global,2.72637e+10,0
gemm,1.01865e+09,0
gemm,1.01996e+09,0
gemm,1.01804e+09,0
gemm,1.01875e+09,0
gemm,1.02418e+09,0
