func,duration,bytes
bytes,0,29956800
global,2.72618e+10,0
gemm,1.01654e+09,0
gemm,1.01722e+09,0
gemm,1.01612e+09,0
gemm,1.01744e+09,0
gemm,1.02252e+09,0
