func,duration,bytes
bytes,0,30140800
global,2.72634e+10,0
gemm,1.01997e+09,0
gemm,1.02067e+09,0
gemm,1.02087e+09,0
gemm,1.02025e+09,0
gemm,1.02408e+09,0
