func,duration,bytes
bytes,0,31772800
global,2.72653e+10,0
gemm,1.01995e+09,0
gemm,1.01998e+09,0
gemm,1.01952e+09,0
gemm,1.02032e+09,0
gemm,1.02577e+09,0
