func,duration,bytes
bytes,0,32401600
global,2.72605e+10,0
gemm,1.01547e+09,0
gemm,1.01612e+09,0
gemm,1.01498e+09,0
gemm,1.01611e+09,0
gemm,1.02129e+09,0
