func,duration,bytes
bytes,0,32700800
global,2.7264e+10,0
gemm,1.01949e+09,0
gemm,1.01938e+09,0
gemm,1.01917e+09,0
gemm,1.01947e+09,0
gemm,1.02486e+09,0
