func,duration,bytes
bytes,0,28406400
global,2.7264e+10,0
gemm,1.02024e+09,0
gemm,1.01994e+09,0
gemm,1.02227e+09,0
gemm,1.01931e+09,0
gemm,1.02493e+09,0
