func,duration,bytes
bytes,0,34857600
global,2.72642e+10,0
gemm,1.0198e+09,0
gemm,1.01886e+09,0
gemm,1.01877e+09,0
gemm,1.0202e+09,0
gemm,1.02487e+09,0
