func,duration,bytes
bytes,0,32220800
global,2.72636e+10,0
gemm,1.01935e+09,0
gemm,1.0205e+09,0
gemm,1.01935e+09,0
gemm,1.01893e+09,0
gemm,1.02421e+09,0
