func,duration,bytes
bytes,0,33459200
global,2.72617e+10,0
gemm,1.0168e+09,0
gemm,1.01783e+09,0
gemm,1.01643e+09,0
gemm,1.01786e+09,0
gemm,1.02263e+09,0
