func,duration,bytes
bytes,0,31801600
global,2.72651e+10,0
gemm,1.01861e+09,0
gemm,1.01894e+09,0
gemm,1.0182e+09,0
gemm,1.01928e+09,0
gemm,1.02569e+09,0
