func,duration,bytes
bytes,0,30177600
global,2.72639e+10,0
gemm,1.01983e+09,0
gemm,1.0199e+09,0
gemm,1.02e+09,0
gemm,1.01971e+09,0
gemm,1.02489e+09,0
