func,duration,bytes
bytes,0,31296000
global,2.72662e+10,0
gemm,1.02019e+09,0
gemm,1.0209e+09,0
gemm,1.02242e+09,0
gemm,1.02015e+09,0
gemm,1.02682e+09,0
