func,duration,bytes
bytes,0,29136000
global,2.72647e+10,0
gemm,1.01996e+09,0
gemm,1.02055e+09,0
gemm,1.02234e+09,0
gemm,1.0202e+09,0
gemm,1.02561e+09,0
