func,duration,bytes
bytes,0,31182400
global,2.72644e+10,0
gemm,1.01801e+09,0
gemm,1.01861e+09,0
gemm,1.01733e+09,0
gemm,1.01847e+09,0
gemm,1.02511e+09,0
