func,duration,bytes
bytes,0,31696000
global,2.72654e+10,0
gemm,1.01978e+09,0
gemm,1.02025e+09,0
gemm,1.01929e+09,0
gemm,1.0202e+09,0
gemm,1.02597e+09,0
