func,duration,bytes
bytes,0,31545600
global,2.72653e+10,0
gemm,1.01981e+09,0
gemm,1.02025e+09,0
gemm,1.01939e+09,0
gemm,1.02029e+09,0
gemm,1.02595e+09,0
