func,duration,bytes
bytes,0,31929600
global,2.72628e+10,0
gemm,1.01824e+09,0
gemm,1.01823e+09,0
gemm,1.01756e+09,0
gemm,1.01808e+09,0
gemm,1.02342e+09,0
